<?xml version="1.0" encoding="UTF-8" ?>
<!--
 Licensed to the Apache Software Foundation (ASF) under one or more
 contributor license agreements.  See the NOTICE file distributed with
 this work for additional information regarding copyright ownership.
 The ASF licenses this file to You under the Apache License, Version 2.0
 (the "License"); you may not use this file except in compliance with
 the License.  You may obtain a copy of the License at

     http://www.apache.org/licenses/LICENSE-2.0

 Unless required by applicable law or agreed to in writing, software
 distributed under the License is distributed on an "AS IS" BASIS,
 WITHOUT WARRANTIES OR CONDITIONS OF ANY KIND, either express or implied.
 See the License for the specific language governing permissions and
 limitations under the License.
-->

<!--
 This is the Solr schema file. This file should be named "schema.xml" and
 should be in the conf directory under the solr home
 (i.e. ./solr/conf/schema.xml by default)
 or located where the classloader for the Solr webapp can find it.

 This example schema is the recommended starting point for users.
 It should be kept correct and concise, usable out-of-the-box.

 For more information, on how to customize this file, please see
 http://wiki.apache.org/solr/SchemaXml

 PERFORMANCE NOTE: this schema includes many optional features and should not
 be used for benchmarking.  To improve performance one could
  - set stored="false" for all fields possible (esp large fields) when you
    only need to search on the field but don't need to return the original
    value.
  - set indexed="false" if you don't need to search on the field, but only
    return the field as a result of searching on other indexed fields.
  - remove all unneeded copyField statements
  - for best index size and searching performance, set "index" to false
    for all general text fields, use copyField to copy them to the
    catchall "text" field, and use that for searching.
  - For maximum indexing performance, use the StreamingUpdateSolrServer
    java client.
  - Remember to run the JVM in server mode, and use a higher logging level
    that avoids logging every request
-->

<schema name="gazetteer" version="1.5">
    <!-- attribute "name" is the name of this schema and is only used for display purposes.
         version="x.y" is Solr's version number for the schema syntax and semantics.  It should
         not normally be changed by applications.
         1.0: multiValued attribute did not exist, all fields are multiValued by nature
         1.1: multiValued attribute introduced, false by default
         1.2: omitTermFreqAndPositions attribute introduced, true by default except for text fields.
         1.3: removed optional field compress feature
         1.4: default auto-phrase (QueryParser feature) to off
         1.5: omitNorms defaults to true for primitive field types (int, float, boolean, string...)
       -->

    <types>
        <!-- field type definitions. The "name" attribute is
           just a label to be used by field definitions.  The "class"
           attribute and any other attributes determine the real
           behavior of the fieldType.
             Class names starting with "solr" refer to java classes in a
           standard package such as org.apache.solr.analysis
        -->

        <fieldType name="name_idx" class="solr.TextField" positionIncrementGap="100">
            <analyzer>
                <!--
                a) reduces the input to lower case
                b) removes puncuation
                c) reduces all diacritics to the appropriate base character
                <filter class="solr.LowerCaseFilterFactory"/>
                <filter class="solr.PorterStemFilterFactory"/> supposedly supports contractions, revealing word stem w/out contraction. Very limited.
                -->
                <charFilter class="solr.MappingCharFilterFactory"
                            mapping="contraction-filter.txt" />

                <tokenizer class="solr.StandardTokenizerFactory" />
                <filter class="solr.EnglishPossessiveFilterFactory" />
                <filter class="solr.LowerCaseTokenizerFactory" />
                <filter class="solr.PhoneticFilterFactory"
                        encoder="org.opensextant.phonetic.AbbreviationNormalizer"
                        inject="false" />

            </analyzer>
        </fieldType>


        <fieldType name="name_idx0" class="solr.TextField" positionIncrementGap="100">
            <analyzer>
                <!--
                a) reduces the input to lower case
                b) removes puncuation
                c) reduces all diacritics to the appropriate base character
                -->

                <tokenizer class="solr.StandardTokenizerFactory" />
                <filter class="solr.ASCIIFoldingFilterFactory" />
                <filter class="solr.EnglishPossessiveFilterFactory" />
                <filter class="solr.LowerCaseFilterFactory" />

            </analyzer>
        </fieldType>

        <fieldType name="name_idx1" class="solr.TextField" positionIncrementGap="100">
            <analyzer>
                <charFilter class="solr.MappingCharFilterFactory"
                            mapping="contraction-filter2.txt" />
                <tokenizer class="solr.WhitespaceTokenizerFactory" />
                <filter class="solr.ASCIIFoldingFilterFactory" />
                <filter class="solr.LowerCaseFilterFactory" />
                <filter class="solr.PhoneticFilterFactory"
                        encoder="org.opensextant.phonetic.AbbreviationNormalizer"
                        inject="false" />
            </analyzer>
        </fieldType>
    </types>


</schema>
