<?xml version="1.0" encoding="UTF-8" ?>
<!--
     For more details about configurations options that may appear in
     this file, see http://wiki.apache.org/solr/SolrConfigXml.
-->
<config>
    <!-- In all configuration below, a prefix of "solr." for class names
         is an alias that causes solr to search appropriate packages,
         including org.apache.solr.(search|update|request|core|analysis)

         You may also specify a fully qualified Java classname if you
         have your own custom plugins.
      -->

    <!-- Controls what version of Lucene various components of Solr
         adhere to.  Generally, you want to use the latest version to
         get all bug fixes and improvements. It is highly recommended
         that you fully re-index after changing this setting as it can
         affect both how text is indexed and queried.
    -->
    <luceneMatchVersion>4.10.4</luceneMatchVersion>

    <!-- lib directives can be used to instruct Solr to load an Jars
         identified and use them to resolve any "plugins" specified in
         your solrconfig.xml or schema.xml (ie: Analyzers, Request
         Handlers, etc...).

         All directories and paths are resolved relative to the
         instanceDir.

         If a "./lib" directory exists in your instanceDir, all files
         found in it are included as if you had used the following
         syntax...

                <lib dir="./lib" />
      -->

    <!-- A 'dir' option by itself adds any files found in the directory
         to the classpath, this is useful for including all jars in a
         directory.
      -->
    <!--
       <lib dir="../add-everything-found-in-this-dir-to-the-classpath" />
    -->

    <!-- When a 'regex' is specified in addition to a 'dir', only the
         files in that directory which completely match the regex
         (anchored on both ends) will be included.
      -->
    <!-- 
    <lib dir="../../dist/" regex="apache-solr-cell-\d.*\.jar" />
    <lib dir="../../contrib/extraction/lib" regex=".*\.jar" />

    <lib dir="../../dist/" regex="apache-solr-clustering-\d.*\.jar" />
    <lib dir="../../contrib/clustering/lib/" regex=".*\.jar" />

    <lib dir="../../dist/" regex="apache-solr-langid-\d.*\.jar" />
    <lib dir="../../contrib/langid/lib/" regex=".*\.jar" />

    <lib dir="../../dist/" regex="apache-solr-velocity-\d.*\.jar" />
    <lib dir="../../contrib/velocity/lib" regex=".*\.jar" /> 
    -->

    <!-- If a 'dir' option (with or without a regex) is used and nothing
         is found that matches, it will be ignored
      -->
    <!--<lib dir="/total/crap/dir/ignored" />-->

    <!-- an exact 'path' can be used instead of a 'dir' to specify a
         specific file.  This will cause a serious error to be logged if
         it can't be loaded.
      -->
    <!--
       <lib path="../a-jar-that-does-not-exist.jar" />
    -->

    <!-- Data Directory

         Used to specify an alternate directory to hold all index data
         other than the default ./data under the Solr home.  If
         replication is in use, this should match the replication
         configuration.
      -->
    <dataDir>${solr.data.dir:}</dataDir>


    <!-- The DirectoryFactory to use for indexes.

         solr.StandardDirectoryFactory is filesystem
         based and tries to pick the best implementation for the current
         JVM and platform.  solr.NRTCachingDirectoryFactory, the default,
         wraps solr.StandardDirectoryFactory and caches small files in memory
         for better NRT performance.

         One can force a particular implementation via solr.MMapDirectoryFactory,
         solr.NIOFSDirectoryFactory, or solr.SimpleFSDirectoryFactory.

         solr.RAMDirectoryFactory is memory based, not
         persistent, and doesn't work with replication.
      -->
    <directoryFactory name="DirectoryFactory"
                      class="${solr.directoryFactory:solr.StandardDirectoryFactory}" />

    <codecFactory name="CodecFactory" class="solr.SchemaCodecFactory" />

    <!-- ~~~~~~~~~~~~~~~~~~~~~~~~~~~~~~~~~~~~~~~~~~~~~~~~~~~~~~~~~~~~~~~~~~~~~
         Index Config - These settings control low-level behavior of indexing
         Most example settings here show the default value, but are commented
         out, to more easily see where customizations have been made.

         Note: This replaces <indexDefaults> and <mainIndex> from older versions
         ~~~~~~~~~~~~~~~~~~~~~~~~~~~~~~~~~~~~~~~~~~~~~~~~~~~~~~~~~~~~~~~~~~~~~ -->
    <indexConfig>
        <!-- maxFieldLength was removed in 4.0. To get similar behavior, include a
             LimitTokenCountFilterFactory in your fieldType definition. E.g.
         <filter class="solr.LimitTokenCountFilterFactory" maxTokenCount="10000"/>
        -->
        <!-- Maximum time to wait for a write lock (ms) for an IndexWriter. Default: 1000 -->
        <!-- <writeLockTimeout>1000</writeLockTimeout>  -->

        <!-- Expert: Enabling compound file will use less files for the index,
             using fewer file descriptors on the expense of performance decrease.
             Default in Lucene is "true". Default in Solr is "false" (since 3.6) -->
        <!-- <useCompoundFile>false</useCompoundFile> -->

        <!-- ramBufferSizeMB sets the amount of RAM that may be used by Lucene
             indexing for buffering added documents and deletions before they are
             flushed to the Directory.
             maxBufferedDocs sets a limit on the number of documents buffered
             before flushing.
             If both ramBufferSizeMB and maxBufferedDocs is set, then
             Lucene will flush based on whichever limit is hit first.  -->
        <!-- <ramBufferSizeMB>32</ramBufferSizeMB> -->
        <!-- <maxBufferedDocs>1000</maxBufferedDocs> -->

        <!-- Expert: Merge Policy
             The Merge Policy in Lucene controls how merging of segments is done.
             The default since Solr/Lucene 3.3 is TieredMergePolicy.
             The default since Lucene 2.3 was the LogByteSizeMergePolicy,
             Even older versions of Lucene used LogDocMergePolicy.
          -->
        <!--
            <mergePolicy class="org.apache.lucene.index.TieredMergePolicy">
              <int name="maxMergeAtOnce">10</int>
              <int name="segmentsPerTier">10</int>
            </mergePolicy>
          -->

        <!-- Merge Factor
             The merge factor controls how many segments will get merged at a time.
             For TieredMergePolicy, mergeFactor is a convenience parameter which
             will set both MaxMergeAtOnce and SegmentsPerTier at once.
             For LogByteSizeMergePolicy, mergeFactor decides how many new segments
             will be allowed before they are merged into one.
             Default is 10 for both merge policies.
          -->
        <!--
        <mergeFactor>10</mergeFactor>
          -->

        <!-- Expert: Merge Scheduler
             The Merge Scheduler in Lucene controls how merges are
             performed.  The ConcurrentMergeScheduler (Lucene 2.3 default)
             can perform merges in the background using separate threads.
             The SerialMergeScheduler (Lucene 2.2 default) does not.
         -->
        <!--
           <mergeScheduler class="org.apache.lucene.index.ConcurrentMergeScheduler"/>
           -->

        <!-- LockFactory

             This option specifies which Lucene LockFactory implementation
             to use.

             single = SingleInstanceLockFactory - suggested for a
                      read-only index or when there is no possibility of
                      another process trying to modify the index.
             native = NativeFSLockFactory - uses OS native file locking.
                      Do not use when multiple solr webapps in the same
                      JVM are attempting to share a single index.
             simple = SimpleFSLockFactory  - uses a plain file for locking

             Defaults: 'native' is default for Solr3.6 and later, otherwise
                       'simple' is the default

             More details on the nuances of each LockFactory...
             http://wiki.apache.org/lucene-java/AvailableLockFactories
        -->
        <!-- <lockType>native</lockType> -->
    <!--  WARNING: Your text tagger core is writable by multiple threads with the lockType=None,
          However, this is the only way multiple threads can make use of an EmbeddedSolrServer text tagger.
          There is no "read-only" mode in Solr. Yuck.
          
          CAVEAT: When you create your text tagger you must ensure that you have exactly one process 
          updating the core records, and NO other processes are trying to use it. 
     -->
    <lockType>single</lockType>

        <!-- Unlock On Startup

             If true, unlock any held write or commit locks on startup.
             This defeats the locking mechanism that allows multiple
             processes to safely access a lucene index, and should be used
             with care. Default is "false".

             This is not needed if lock type is 'none' or 'single'
         -->
        <!--
        <unlockOnStartup>false</unlockOnStartup>
          -->

        <!-- Expert: Controls how often Lucene loads terms into memory
             Default is 128 and is likely good for most everyone.
          -->
        <!-- <termIndexInterval>128</termIndexInterval> -->

        <!-- If true, IndexReaders will be reopened (often more efficient)
             instead of closed and then opened. Default: true
          -->
        <!--
        <reopenReaders>true</reopenReaders>
          -->

        <!-- Commit Deletion Policy

             Custom deletion policies can be specified here. The class must
             implement org.apache.lucene.index.IndexDeletionPolicy.

             http://lucene.apache.org/java/3_5_0/api/core/org/apache/lucene/index/IndexDeletionPolicy.html

             The default Solr IndexDeletionPolicy implementation supports
             deleting index commit points on number of commits, age of
             commit point and optimized status.

             The latest commit point should always be preserved regardless
             of the criteria.
        -->
        <!--
        <deletionPolicy class="solr.SolrDeletionPolicy">
        -->
        <!-- The number of commit points to be kept -->
        <!-- <str name="maxCommitsToKeep">1</str> -->
        <!-- The number of optimized commit points to be kept -->
        <!-- <str name="maxOptimizedCommitsToKeep">0</str> -->
        <!--
            Delete all commit points once they have reached the given age.
            Supports DateMathParser syntax e.g.
          -->
        <!--
           <str name="maxCommitAge">30MINUTES</str>
           <str name="maxCommitAge">1DAY</str>
        -->
        <!--
        </deletionPolicy>
        -->

        <!-- Lucene Infostream

             To aid in advanced debugging, Lucene provides an "InfoStream"
             of detailed information when indexing.

             Setting The value to true will instruct the underlying Lucene
             IndexWriter to write its debugging info the specified file
          -->
        <!-- <infoStream file="INFOSTREAM.txt">false</infoStream> -->
    </indexConfig>


    <!-- JMX

         This example enables JMX if and only if an existing MBeanServer
         is found, use this if you want to configure JMX through JVM
         parameters. Remove this to disable exposing Solr configuration
         and statistics to JMX.

         For more details see http://wiki.apache.org/solr/SolrJmx
      -->
    <jmx />
    <!-- If you want to connect to a particular server, specify the
         agentId
      -->
    <!-- <jmx agentId="myAgent" /> -->
    <!-- If you want to start a new MBeanServer, specify the serviceUrl -->
    <!-- <jmx serviceUrl="service:jmx:rmi:///jndi/rmi://localhost:9999/solr"/>
      -->

    <!-- The default high-performance update handler -->
    <updateHandler class="solr.DirectUpdateHandler2">

        <!-- AutoCommit

             Perform a hard commit automatically under certain conditions.
             Instead of enabling autoCommit, consider using "commitWithin"
             when adding documents.

             http://wiki.apache.org/solr/UpdateXmlMessages

             maxDocs - Maximum number of documents to add since the last
                       commit before automatically triggering a new commit.

             maxTime - Maximum amount of time in ms that is allowed to pass
                       since a document was added before automaticly
                       triggering a new commit.
             openSearcher - if false, the commit causes recent index changes
             to be flushed to stable storage, but does not cause a new
             searcher to be opened to make those changes visible.
          -->
        <!-- <autoCommit>
          <maxTime>15000</maxTime>
          <openSearcher>false</openSearcher>
        </autoCommit> -->

        <!-- softAutoCommit is like autoCommit except it causes a
             'soft' commit which only ensures that changes are visible
             but does not ensure that data is synced to disk.  This is
             faster and more near-realtime friendly than a hard commit.
          -->
        <!--
          <autoSoftCommit>
            <maxTime>1000</maxTime>
          </autoSoftCommit>
         -->

        <!-- Update Related Event Listeners

             Various IndexWriter related events can trigger Listeners to
             take actions.

             postCommit - fired after every commit or optimize command
             postOptimize - fired after every optimize command
          -->
        <!-- The RunExecutableListener executes an external command from a
             hook such as postCommit or postOptimize.

             exe - the name of the executable to run
             dir - dir to use as the current working directory. (default=".")
             wait - the calling thread waits until the executable returns.
                    (default="true")
             args - the arguments to pass to the program.  (default is none)
             env - environment variables to set.  (default is none)
          -->
        <!-- This example shows how RunExecutableListener could be used
             with the script based replication...
             http://wiki.apache.org/solr/CollectionDistribution
          -->
        <!--
           <listener event="postCommit" class="solr.RunExecutableListener">
             <str name="exe">solr/bin/snapshooter</str>
             <str name="dir">.</str>
             <bool name="wait">true</bool>
             <arr name="args"> <str>arg1</str> <str>arg2</str> </arr>
             <arr name="env"> <str>MYVAR=val1</str> </arr>
           </listener>
          -->

        <!-- Enables a transaction log, currently used for real-time get.
             "dir" - the target directory for transaction logs, defaults to the
                solr data directory.  -->
        <!-- OPENSEXTANT: disable -->
        <!-- <updateLog>
          <str name="dir">${solr.data.dir:}</str>
        </updateLog> -->


    </updateHandler>

    <!-- IndexReaderFactory

         Use the following format to specify a custom IndexReaderFactory,
         which allows for alternate IndexReader implementations.

         ** Experimental Feature **

         Please note - Using a custom IndexReaderFactory may prevent
         certain other features from working. The API to
         IndexReaderFactory may change without warning or may even be
         removed from future releases if the problems cannot be
         resolved.


         ** Features that may not work with custom IndexReaderFactory **

         The ReplicationHandler assumes a disk-resident index. Using a
         custom IndexReader implementation may cause incompatibility
         with ReplicationHandler and may cause replication to not work
         correctly. See SOLR-1366 for details.

      -->
    <!--
    <indexReaderFactory name="IndexReaderFactory" class="package.class">
      <str name="someArg">Some Value</str>
    </indexReaderFactory >
    -->
    <!-- By explicitly declaring the Factory, the termIndexDivisor can
         be specified.
      -->
    <!--
       <indexReaderFactory name="IndexReaderFactory"
                           class="solr.StandardIndexReaderFactory">
         <int name="setTermIndexDivisor">12</int>
       </indexReaderFactory >
      -->

    <!-- ~~~~~~~~~~~~~~~~~~~~~~~~~~~~~~~~~~~~~~~~~~~~~~~~~~~~~~~~~~~~~~~~~~~~~
         Query section - these settings control query time things like caches
         ~~~~~~~~~~~~~~~~~~~~~~~~~~~~~~~~~~~~~~~~~~~~~~~~~~~~~~~~~~~~~~~~~~~~~ -->
    <query>
        <!-- Max Boolean Clauses

             Maximum number of clauses in each BooleanQuery,  an exception
             is thrown if exceeded.

             ** WARNING **

             This option actually modifies a global Lucene property that
             will affect all SolrCores.  If multiple solrconfig.xml files
             disagree on this property, the value at any given moment will
             be based on the last SolrCore to be initialized.

          -->
        <maxBooleanClauses>5000</maxBooleanClauses>


        <!-- Solr Internal Query Caches

             There are two implementations of cache available for Solr,
             LRUCache, based on a synchronized LinkedHashMap, and
             FastLRUCache, based on a ConcurrentHashMap.

             FastLRUCache has faster gets and slower puts in single
             threaded operation and thus is generally faster than LRUCache
             when the hit ratio of the cache is high (> 75%), and may be
             faster under other scenarios on multi-cpu systems.
        -->

        <!-- Filter Cache

             Cache used by SolrIndexSearcher for filters (DocSets),
             unordered sets of *all* documents that match a query.  When a
             new searcher is opened, its caches may be prepopulated or
             "autowarmed" using data from caches in the old searcher.
             autowarmCount is the number of items to prepopulate.  For
             LRUCache, the autowarmed items will be the most recently
             accessed items.

             Parameters:
               class - the SolrCache implementation LRUCache or
                   (LRUCache or FastLRUCache)
               size - the maximum number of entries in the cache
               initialSize - the initial capacity (number of entries) of
                   the cache.  (see java.util.HashMap)
               autowarmCount - the number of entries to prepopulate from
                   and old cache.
          -->
        <filterCache class="solr.FastLRUCache"
                     size="512"
                     initialSize="512"
                     autowarmCount="0" />

        <!-- Query Result Cache

             Caches results of searches - ordered lists of document ids
             (DocList) based on a query, a sort, and the range of documents requested.
          -->
        <queryResultCache class="solr.LRUCache"
                          size="512"
                          initialSize="512"
                          autowarmCount="0" />

        <!-- Document Cache

             Caches Lucene Document objects (the stored fields for each
             document).  Since Lucene internal document ids are transient,
             this cache will not be autowarmed.
          -->
        <!-- LFU cache is probably better, and use a big cache for tagging -->
        <!-- OPENSEXTANT NOT helpful for tagger
        <documentCache class="solr.LFUCache"
                       size="0"
                       initialSize="512"
                       autowarmCount="0"/> -->

        <!-- Field Value Cache

             Cache used to hold field values that are quickly accessible
             by document id.  The fieldValueCache is created by default
             even if not configured here.
          -->
        <!--
           <fieldValueCache class="solr.FastLRUCache"
                            size="512"
                            autowarmCount="128"
                            showItems="32" />
          -->

        <!-- Custom Cache

             Example of a generic cache.  These caches may be accessed by
             name through SolrIndexSearcher.getCache(),cacheLookup(), and
             cacheInsert().  The purpose is to enable easy caching of
             user/application level data.  The regenerator argument should
             be specified as an implementation of solr.CacheRegenerator
             if autowarming is desired.
          -->
        <!--
           <cache name="myUserCache"
                  class="solr.LRUCache"
                  size="4096"
                  initialSize="1024"
                  autowarmCount="1024"
                  regenerator="com.mycompany.MyRegenerator"
                  />
          -->


        <!-- Lazy Field Loading

             If true, stored fields that are not requested will be loaded
             lazily.  This can result in a significant speed improvement
             if the usual case is to not load all stored fields,
             especially if the skipped fields are large compressed text
             fields.
        -->
        <!-- OPENSEXTANT false since we need nearly all -->
        <enableLazyFieldLoading>false</enableLazyFieldLoading>

        <!-- Use Filter For Sorted Query

             A possible optimization that attempts to use a filter to
             satisfy a search.  If the requested sort does not include
             score, then the filterCache will be checked for a filter
             matching the query. If found, the filter will be used as the
             source of document ids, and then the sort will be applied to
             that.

             For most situations, this will not be useful unless you
             frequently get the same search repeatedly with different sort
             options, and none of them ever use "score"
          -->
        <!--
           <useFilterForSortedQuery>true</useFilterForSortedQuery>
          -->

        <!-- Result Window Size

             An optimization for use with the queryResultCache.  When a search
             is requested, a superset of the requested number of document ids
             are collected.  For example, if a search for a particular query
             requests matching documents 10 through 19, and queryWindowSize is 50,
             then documents 0 through 49 will be collected and cached.  Any further
             requests in that range can be satisfied via the cache.
          -->
        <queryResultWindowSize>20</queryResultWindowSize>

        <!-- Maximum number of documents to cache for any entry in the
             queryResultCache.
          -->
        <queryResultMaxDocsCached>200</queryResultMaxDocsCached>

        <!-- Query Related Event Listeners

             Various IndexSearcher related events can trigger Listeners to
             take actions.

             newSearcher - fired whenever a new searcher is being prepared
             and there is a current searcher handling requests (aka
             registered).  It can be used to prime certain caches to
             prevent long request times for certain requests.

             firstSearcher - fired whenever a new searcher is being
             prepared but there is no current registered searcher to handle
             requests or to gain autowarming data from.


          -->
        <!-- QuerySenderListener takes an array of NamedList and executes a
             local query request for each NamedList in sequence.
          -->
        <listener event="newSearcher" class="solr.QuerySenderListener">
            <arr name="queries">
                <!--
                   <lst><str name="q">solr</str><str name="sort">price asc</str></lst>
                   <lst><str name="q">rocks</str><str name="sort">weight asc</str></lst>
                  -->
            </arr>
        </listener>
        <listener event="firstSearcher" class="solr.QuerySenderListener">
            <arr name="queries">
                <lst>
                    <!--<str name="q">static firstSearcher warming in solrconfig.xml</str>-->
                </lst>
            </arr>
        </listener>

        <!-- Use Cold Searcher

             If a search request comes in and there is no current
             registered searcher, then immediately register the still
             warming searcher and use it.  If "false" then all requests
             will block until the first searcher is done warming.
          -->
        <useColdSearcher>false</useColdSearcher>

        <!-- Max Warming Searchers

             Maximum number of searchers that may be warming in the
             background concurrently.  An error is returned if this limit
             is exceeded.

             Recommend values of 1-2 for read-only slaves, higher for
             masters w/o cache warming.
          -->
        <maxWarmingSearchers>2</maxWarmingSearchers>

    </query>


    <!-- Request Dispatcher

         This section contains instructions for how the SolrDispatchFilter
         should behave when processing requests for this SolrCore.

         handleSelect is a legacy option that affects the behavior of requests
         such as /select?qt=XXX

         handleSelect="true" will cause the SolrDispatchFilter to process
         the request and dispatch the query to a handler specified by the
         "qt" param, assuming "/select" isn't already registered.

         handleSelect="false" will cause the SolrDispatchFilter to
         ignore "/select" requests, resulting in a 404 unless a handler
         is explicitly registered with the name "/select"

         handleSelect="true" is not recommended for new users, but is the default
         for backwards compatibility
      -->
    <requestDispatcher handleSelect="false">
        <!-- Request Parsing

             These settings indicate how Solr Requests may be parsed, and
             what restrictions may be placed on the ContentStreams from
             those requests

             enableRemoteStreaming - enables use of the stream.file
             and stream.url parameters for specifying remote streams.

             multipartUploadLimitInKB - specifies the max size of
             Multipart File Uploads that Solr will allow in a Request.

             *** WARNING ***
             The settings below authorize Solr to fetch remote files, You
             should make sure your system has some authentication before
             using enableRemoteStreaming="true"

          -->
        <requestParsers enableRemoteStreaming="true"
                        multipartUploadLimitInKB="8092000" />

        <!-- HTTP Caching

             Set HTTP caching related parameters (for proxy caches and clients).

             The options below instruct Solr not to output any HTTP Caching
             related headers
          -->
        <httpCaching never304="true" />
        <!-- If you include a <cacheControl> directive, it will be used to
             generate a Cache-Control header (as well as an Expires header
             if the value contains "max-age=")

             By default, no Cache-Control header is generated.

             You can use the <cacheControl> option even if you have set
             never304="true"
          -->
        <!--
           <httpCaching never304="true" >
             <cacheControl>max-age=30, public</cacheControl>
           </httpCaching>
          -->
        <!-- To enable Solr to respond with automatically generated HTTP
             Caching headers, and to response to Cache Validation requests
             correctly, set the value of never304="false"

             This will cause Solr to generate Last-Modified and ETag
             headers based on the properties of the Index.

             The following options can also be specified to affect the
             values of these headers...

             lastModFrom - the default value is "openTime" which means the
             Last-Modified value (and validation against If-Modified-Since
             requests) will all be relative to when the current Searcher
             was opened.  You can change it to lastModFrom="dirLastMod" if
             you want the value to exactly correspond to when the physical
             index was last modified.

             etagSeed="..." is an option you can change to force the ETag
             header (and validation against If-None-Match requests) to be
             different even if the index has not changed (ie: when making
             significant changes to your config file)

             (lastModifiedFrom and etagSeed are both ignored if you use
             the never304="true" option)
          -->
        <!--
           <httpCaching lastModifiedFrom="openTime"
                        etagSeed="Solr">
             <cacheControl>max-age=30, public</cacheControl>
           </httpCaching>
          -->
    </requestDispatcher>

    <!-- Request Handlers

         http://wiki.apache.org/solr/SolrRequestHandler

         Incoming queries will be dispatched to a specific handler by name
         based on the path specified in the request.

         Legacy behavior: If the request path uses "/select" but no Request
         Handler has that name, and if handleSelect="true" has been specified in
         the requestDispatcher, then the Request Handler is dispatched based on
         the qt parameter.  Handlers without a leading '/' are accessed this way
         like so: http://host/app/[core/]select?qt=name  If no qt is
         given, then the requestHandler that declares default="true" will be
         used or the one named "standard".

         If a Request Handler is declared with startup="lazy", then it will
         not be initialized until the first request that uses it.

      -->
  <requestHandler name="/tag" class="org.opensextant.solrtexttagger.TaggerRequestHandler">
    <str name="field">phrase_tag</str>
    <bool name="partialMatches">false</bool>
    <bool name="matchText">false</bool>
    <int name="valueMinLen">2</int>
    <int name="valueMaxLen">200</int>
    <str name="fq">valid:true</str>
    <lst name="defaults">
      <str name="echoParams">none</str>
      <str name="fl">id,catalog,taxnode,phrase,tag</str>
    </lst>
  </requestHandler>

    <!-- SearchHandler

         http://wiki.apache.org/solr/SearchHandler

         For processing Search Queries, the primary Request Handler
         provided with Solr is "SearchHandler" It delegates to a sequent
         of SearchComponents (see below) and supports distributed
         queries across multiple shards
      -->
    <requestHandler name="/select" class="solr.SearchHandler">
        <!-- default values for query parameters can be specified, these
             will be overridden by parameters in the request
          -->
        <lst name="defaults">
            <str name="echoParams">explicit</str>
            <int name="rows">100</int>
            <str name="df">phrase</str>
        </lst>
        <!-- In addition to defaults, "appends" params can be specified
             to identify values which should be appended to the list of
             multi-val params from the query (or the existing "defaults").
          -->
        <!-- In this example, the param "fq=instock:true" would be appended to
             any query time fq params the user may specify, as a mechanism for
             partitioning the index, independent of any user selected filtering
             that may also be desired (perhaps as a result of faceted searching).

             NOTE: there is *absolutely* nothing a client can do to prevent these
             "appends" values from being used, so don't use this mechanism
             unless you are sure you always want it.
          -->
        <!--
           <lst name="appends">
             <str name="fq">inStock:true</str>
           </lst>
          -->
        <!-- "invariants" are a way of letting the Solr maintainer lock down
             the options available to Solr clients.  Any params values
             specified here are used regardless of what values may be specified
             in either the query, the "defaults", or the "appends" params.

             In this example, the facet.field and facet.query params would
             be fixed, limiting the facets clients can use.  Faceting is
             not turned on by default - but if the client does specify
             facet=true in the request, these are the only facets they
             will be able to see counts for; regardless of what other
             facet.field or facet.query params they may specify.

             NOTE: there is *absolutely* nothing a client can do to prevent these
             "invariants" values from being used, so don't use this mechanism
             unless you are sure you always want it.
          -->
        <!--
           <lst name="invariants">
             <str name="facet.field">cat</str>
             <str name="facet.field">manu_exact</str>
             <str name="facet.query">price:[* TO 500]</str>
             <str name="facet.query">price:[500 TO *]</str>
           </lst>
          -->
        <!-- If the default list of SearchComponents is not desired, that
             list can either be overridden completely, or components can be
             prepended or appended to the default list.  (see below)
          -->
        <!--
           <arr name="components">
             <str>nameOfCustomComponent1</str>
             <str>nameOfCustomComponent2</str>
           </arr>
          -->
    </requestHandler>

    <!-- Update Request Handler.

         http://wiki.apache.org/solr/UpdateXmlMessages

         The canonical Request Handler for Modifying the Index through
         commands specified using XML, JSON, CSV, or JAVABIN

         Note: Since solr1.1 requestHandlers requires a valid content
         type header if posted in the body. For example, curl now
         requires: -H 'Content-type:text/xml; charset=utf-8'

         To override the request content type and force a specific
         Content-type, use the request parameter:
           ?update.contentType=text/csv

         This handler will pick a response format to match the input
         if the 'wt' parameter is not explicit
      -->
    <requestHandler name="/update" class="solr.UpdateRequestHandler">
        <!-- See below for information on defining
             updateRequestProcessorChains that can be used by name
             on each Update Request
          -->
        <!--
           <lst name="defaults">
             <str name="update.chain">dedupe</str>
           </lst>
           -->
    </requestHandler>


    <requestHandler name="/analysis/field"
                    startup="lazy"
                    class="solr.FieldAnalysisRequestHandler" />

    <requestHandler name="/analysis/document"
                    class="solr.DocumentAnalysisRequestHandler"
                    startup="lazy" />

    <!-- Admin Handlers

         Admin Handlers - This will register all the standard admin
         RequestHandlers.
      -->
    <requestHandler name="/admin/"
                    class="solr.admin.AdminHandlers" />


    <!-- Echo the request contents back to the client -->
    <requestHandler name="/debug/dump" class="solr.DumpRequestHandler">
        <lst name="defaults">
            <str name="echoParams">explicit</str>
            <str name="echoHandler">true</str>
        </lst>
    </requestHandler>

    <searchComponent name="terms" class="solr.TermsComponent" />

    <!-- A request handler for demonstrating the terms component -->
    <requestHandler name="/terms" class="solr.SearchHandler" startup="lazy">
        <lst name="defaults">
            <bool name="terms">true</bool>
        </lst>
        <arr name="components">
            <str>terms</str>
        </arr>
    </requestHandler>

    <!-- Update Processors

         Chains of Update Processor Factories for dealing with Update
         Requests can be declared, and then used by name in Update
         Request Processors

         http://wiki.apache.org/solr/UpdateRequestProcessor

      -->
    <!-- Script update processor

      This example hooks in an update processor implemented using JavaScript.

      See more about the script update processor at http://wiki.apache.org/solr/ScriptUpdateProcessor
    -->

    <queryResponseWriter name="json" class="solr.JSONResponseWriter">
        <!-- For the purposes of the tutorial, JSON responses are written as
         plain text so that they are easy to read in *any* browser.
         If you expect a MIME type of "application/json" just remove this override.
        -->
        <str name="content-type">text/plain; charset=UTF-8</str>
    </queryResponseWriter>


    <!-- Legacy config for the admin interface -->
    <admin>
        <defaultQuery>*:*</defaultQuery>
    </admin>

</config>
